company,state,locations,job_categories,total_jobs,avg_salary,last_posted
Aged Care Clinical Assessor,NT,"Winnellie,Darwin NT(Hybrid)",Healthcare / Aged Care,1,$98,2026-06-22 08:11:59
Assistant Cleaner,NSW,"Terania Creek,Lismore & Far North Coast NSW",Cleaning / Facilities,1,$40,2026-06-22 08:22:16
Assistant Housekeeping Manager,WA,"Cable Beach,Broome & Kimberley WA",Cleaning / Facilities,1,N/A,2026-06-22 08:21:54
Assistant Manager,NT,"Nhulunbuy,Katherine & Northern Australia NT",Warehouse / Distribution,1,N/A,2026-06-22 08:18:30
Assistant Store Manager- Canberra,ACT,Canberra ACT,Security,1,N/A,2026-06-22 08:21:19
"Banking Consultant, Contact Centre - Suncorp Bank (Multiple Vacancies)",QLD,Brisbane QLD(Hybrid),Retail,1,N/A,2026-06-22 08:15:20
Branch assistant/driver,TAS,"Kingston,Hobart TAS",Logistics / Transport,1,N/A,2026-06-22 08:08:05
Cabin Crew,WA,"Perth Airport,Perth WA",Hospitality,1,$6,2026-06-22 08:10:50
"Casual Aged Care Kitchen Hand, Cleaner or Laundry Assistant",VIC,atAROHA SERVICES,Cleaning / Facilities|Healthcare / Aged Care,2,N/A,2026-06-22 08:23:09
Civil All Rounder / MC Truck Driver,NT,"Kakadu,Katherine & Northern Australia NT",FIFO / Mines,1,$50,2026-06-22 08:03:14
Cleaner - Data Centres / Cleanrooms /  Technical Cleaners,NSW,Sydney NSW,Cleaning / Facilities,1,"$60,000",2026-06-22 08:22:16
Clinical Assistant & Medical Receptionist (Casual),SA,"Blackwood,Adelaide SA",Healthcare / Aged Care,1,$30,2026-06-22 08:12:10
Clinical Nurse Specialist Grade 2 - Drug & Alcohol Service - Coffs Harbour,NSW,"Coffs Harbour,Coffs Harbour & North Coast NSW",Healthcare / Aged Care,1,"$124,565",2026-06-22 08:12:06
Commercial Cleaners –Afternoon/Night Shifts | $36.19 p/hr + Training Provided,NSW,"Thornton,Newcastle, Maitland & Hunter NSW",Cleaning / Facilities,1,$36,2026-06-22 08:23:21
Commercial Kitchen Exhaust & HVAC Cleaning Technician,VIC,N/A,Cleaning / Facilities,1,$34,2026-06-22 08:23:09
Commercial Kitchen Exhaust & HVAC Cleaning Technician,WA,atKleenduct WA Pty Ltd,Cleaning / Facilities,1,$34,2026-06-22 08:24:03
Concreter,QLD,"Lowood,Somerset & Lockyer QLD",Construction,1,"$100,000",2026-06-22 07:58:38
Concreter and labourer,QLD,Brisbane QLD,Construction,1,$45,2026-06-22 07:58:38
Construction Security Officer,SA,"Osborne,Adelaide SA",Security,1,N/A,2026-06-22 08:21:01
Cropping Operations Manager,SA,"Netherton,Riverland & Murray Mallee SA",Agriculture / Farms,1,"$80,000",2026-06-22 08:05:19
DELIVERY DRIVER / STORE PERSON - TASFRESH,TAS,"Prospect,Launceston & North East TAS",Logistics / Transport|Warehouse / Distribution,2,"$74,800",2026-06-22 08:16:46
Day Cleaner,NSW,"North Sydney,Sydney NSW",Cleaning / Facilities,1,$29,2026-06-22 08:23:21
Driller Offsider,VIC,N/A,FIFO / Mines,1,N/A,2026-06-22 08:00:56
Driver Hoseman,NT,Darwin NT,FIFO / Mines,1,N/A,2026-06-22 08:03:14
Duty Manager/ Waitstaff / Bar Staff Casual,WA,"Dunsborough,Bunbury & South West WA",Hospitality,1,$32,2026-06-22 08:10:50
Environmental Services Assistant,NSW,"Newcastle,Newcastle, Maitland & Hunter NSW",Healthcare / Aged Care,1,$29,2026-06-22 08:13:50
Excavator Operator,NT,"Gove,Katherine & Northern Australia NT",FIFO / Mines,1,N/A,2026-06-22 08:00:35
Food Service Assistant - George Town,TAS,atSouthern Cross Care (Tasmania) Inc,Healthcare / Aged Care,1,"$18,900",2026-06-22 08:12:51
Full-time & Part time Chefs & CDP multiple positions,ACT,"Weston,Canberra ACT",Hospitality,1,"$68,000",2026-06-22 08:11:23
Garden Department Lead,VIC,N/A,Agriculture / Farms,1,"$65,000",2026-06-22 08:04:36
Head Chef,ACT,"Downer,Canberra ACT",Hospitality,1,"$90,000",2026-06-22 08:11:23
Horizontal Directional Driller,ACT,atTR Civils (ACT) Pty Ltd,FIFO / Mines,2,N/A,2026-06-22 08:03:15
Horticulturist,VIC,N/A,Agriculture / Farms,1,N/A,2026-06-22 08:04:36
Housekeeper - Permanent Part-Time,WA,"Peppermint Grove,Perth WA",Cleaning / Facilities,1,N/A,2026-06-22 08:21:41
Industrial Services Operator,WA,Perth WA,Cleaning / Facilities,1,"$3,000",2026-06-22 08:24:03
Kitchen Hand,QLD,"Clayfield,Brisbane QLD",Hospitality,1,$32,2026-06-22 08:08:39
Labourer/Trade Assistant,ACT,Canberra ACT,Construction,1,$30,2026-06-22 08:00:21
Listed eight days ago,NSW,"Paddington,Sydney NSW",Hospitality,1,N/A,2026-06-22 08:09:17
Listed eight days ago,QLD,"Birtinya,Sunshine Coast QLD",Retail,1,$35,2026-06-22 08:14:28
Listed eight days ago,WA,"Bunbury,Bunbury & South West WA",Security,1,N/A,2026-06-22 08:19:30
Listed eight hours ago,ACT,"Canberra International Airport,Canberra ACT",Hospitality,1,"$67,000",2026-06-22 08:11:23
Listed eight hours ago,NSW,"Albury,Albury Area NSW|Charlestown,Newcastle, Maitland & Hunter NSW|Dubbo,Dubbo & Central NSW|Hornsby,Sydney NSW|Newcastle,Newcastle, Maitland & Hunter NSW(Hybrid)|North Nowra,Wollongong, Illawarra & South Coast NSW|Wetherill Park,Sydney NSW|Woolloomooloo,Sydney NSW",Cleaning / Facilities|Healthcare / Aged Care|Hospitality|Warehouse / Distribution,12,$23,2026-06-22 08:23:21
Listed eight hours ago,NT,Darwin NT,FIFO / Mines|Retail,4,$33,2026-06-22 08:14:27
Listed eight hours ago,QLD,"Brisbane QLD|Brisbane QLD(Remote)|Cairns,Cairns & Far North QLD(Remote)",Hospitality|Retail,3,$35,2026-06-22 08:15:20
Listed eight hours ago,SA,"Dover Gardens,Adelaide SA|Highbury,Adelaide SA",Healthcare / Aged Care,2,$30,2026-06-22 08:12:10
Listed eight hours ago,TAS,"Beaconsfield,Launceston & North East TAS|Branxholm,Launceston & North East TAS|George Town,Launceston & North East TAS",Healthcare / Aged Care|Warehouse / Distribution,4,"$59,668",2026-06-22 08:16:46
Listed eight hours ago,VIC,N/A,Construction|FIFO / Mines,2,N/A,2026-06-22 08:01:25
Listed eighteen days ago,ACT,"Canberra ACT|Fyshwick,Canberra ACT|Hume,Canberra ACT|Macgregor,Canberra ACT|atExpress Employment Professionals Canberra ACT North",Agriculture / Farms|Construction|FIFO / Mines|Hospitality|Security|Warehouse / Distribution,13,"$15,120",2026-06-22 08:21:19
Listed eighteen days ago,NSW,"Cobar,Dubbo & Central NSW|Dubbo,Dubbo & Central NSW|Liverpool,Sydney NSW|Mudgee,Blue Mountains & Central West NSW|Pyrmont,Sydney NSW",Cleaning / Facilities|FIFO / Mines|Healthcare / Aged Care,5,$31,2026-06-22 08:23:21
Listed eighteen days ago,NT,"Alice Springs,Alice Springs & Central Australia NT|Darwin NT|Darwin NT(Remote)|Johnston,Darwin NT|Katherine,Katherine & Northern Australia NT|Winnellie,Darwin NT|atAMENTUM|atNorthern Territory PHN - Rural Workforce Agency",Cleaning / Facilities|FIFO / Mines|Healthcare / Aged Care|Hospitality|Warehouse / Distribution,18,"$25,709",2026-06-22 08:23:54
Listed eighteen days ago,QLD,"Brisbane Airport,Brisbane QLD|Logan Central,Brisbane QLD|Mareeba,Cairns & Far North QLD",Construction|Hospitality|Retail,3,$51,2026-06-22 08:15:20
Listed eighteen days ago,SA,"Adelaide SA|Loxton,Riverland & Murray Mallee SA|Mount Barker,Adelaide Hills & Barossa SA|Parilla,Riverland & Murray Mallee SA",Agriculture / Farms|Hospitality|Security,5,"$32,516",2026-06-22 08:21:01
Listed eighteen days ago,TAS,"Burnie,Devonport & North West TAS|Evandale,Launceston & North East TAS|Exeter,Launceston & North East TAS(Remote)|Hobart TAS|Latrobe,Devonport & North West TAS|Newnham,Launceston & North East TAS|atSouthern Cross Care (Tasmania) Inc",Healthcare / Aged Care|Retail,10,"$16,342",2026-06-22 08:16:32
Listed eighteen days ago,VIC,N/A,Agriculture / Farms|Cleaning / Facilities|FIFO / Mines|Healthcare / Aged Care|Warehouse / Distribution,11,"$37,535",2026-06-22 08:23:09
Listed eighteen days ago,WA,"Canning Vale,Perth WA|Collie,Bunbury & South West WA|Merredin,Northam & Wheatbelt WA|Mosman Park,Perth WA|Perth WA",Agriculture / Farms|Cleaning / Facilities|FIFO / Mines|Security,6,$40,2026-06-22 08:24:03
Listed eighteen hours ago,VIC,N/A,Healthcare / Aged Care,1,$35,2026-06-22 08:14:05
Listed eleven days ago,ACT,"Aranda,Canberra ACT|Canberra ACT|Fyshwick,Canberra ACT|Macgregor,Canberra ACT|Mitchell,Canberra ACT|Woden,Canberra ACT",Agriculture / Farms|Construction|FIFO / Mines|Security|Warehouse / Distribution,15,"$20,025",2026-06-22 08:21:19
Listed eleven days ago,NSW,"Bondi,Sydney NSW|Bowral,Southern Highlands & Tablelands NSW|Cobar,Dubbo & Central NSW|Dubbo,Dubbo & Central NSW|Erina,Gosford & Central Coast NSW|Marrickville,Sydney NSW|Rosebery,Sydney NSW|atTPGA NSW PTY LTD",Cleaning / Facilities|FIFO / Mines|Healthcare / Aged Care|Hospitality|Security|Warehouse / Distribution,9,"$60,022",2026-06-22 08:22:16
Listed eleven days ago,NT,"Casuarina,Darwin NT|Darwin NT|Eaton,Darwin NT|Katherine,Katherine & Northern Australia NT|Palmerston,Darwin NT|Winnellie,Darwin NT",FIFO / Mines|Healthcare / Aged Care|Hospitality|Retail,12,"$43,740",2026-06-22 08:14:27
Listed eleven days ago,QLD,"Baringa,Sunshine Coast QLD|Brisbane Airport,Brisbane QLD|Brisbane QLD|Maroochydore,Sunshine Coast QLD|Miles,Toowoomba & Darling Downs QLD|Mount Isa,Western QLD|Strathpine,Brisbane QLD|Townsville,Northern QLD|Urangan,Hervey Bay & Fraser Coast QLD|Yandina,Sunshine Coast QLD",Cleaning / Facilities|Construction|Hospitality|Logistics / Transport|Security,11,"$38,279",2026-06-22 08:22:53
Listed eleven days ago,SA,"Lockleys,Adelaide SA|Naracoorte,Mt Gambier & Limestone Coast SA|Port Lincoln,Whyalla & Eyre Peninsula SA|Robe,Mt Gambier & Limestone Coast SA|Toorak Gardens,Adelaide SA|Woodside,Adelaide Hills & Barossa SA|atUnitingSA",Agriculture / Farms|Healthcare / Aged Care|Hospitality,7,"$37,517",2026-06-22 08:12:10
Listed eleven days ago,TAS,"Derwent Park,Hobart TAS|Devonport,Devonport & North West TAS(Remote)|Glenorchy,Hobart TAS|Launceston,Launceston & North East TAS|Prospect,Launceston & North East TAS|atAnglicare Tasmania Inc",Healthcare / Aged Care|Logistics / Transport|Retail|Warehouse / Distribution,10,"$18,723",2026-06-22 08:16:46
Listed eleven days ago,VIC,N/A,Agriculture / Farms|Construction|FIFO / Mines|Healthcare / Aged Care,8,"$21,376",2026-06-22 08:13:52
Listed eleven days ago,WA,"Donnybrook,Bunbury & South West WA|Henderson,Perth WA|Kalgoorlie,Kalgoorlie, Goldfields & Esperance WA|Perth WA|atTrodan Produce (WA) Pty Ltd",Agriculture / Farms|Cleaning / Facilities|Construction|FIFO / Mines,7,"$47,530",2026-06-22 08:24:03
Listed fifteen days ago,NT,Darwin NT,Cleaning / Facilities,1,N/A,2026-06-22 08:23:54
Listed fifteen days ago,VIC,N/A,Cleaning / Facilities|FIFO / Mines,2,N/A,2026-06-22 08:23:09
Listed fifty three minutes ago,SA,"Glenelg,Adelaide SA",Hospitality,1,"$80,000",2026-06-22 08:08:31
Listed five days ago,ACT,"Canberra ACT|Fyshwick,Canberra ACT|Hume,Canberra ACT|Kambah,Canberra ACT|Macquarie,Canberra ACT(Hybrid)|Mitchell,Canberra ACT",Agriculture / Farms|Construction|FIFO / Mines|Hospitality|Security|Warehouse / Distribution,15,"$28,912",2026-06-22 08:21:06
Listed five days ago,NSW,"Batemans Bay,Wollongong, Illawarra & South Coast NSW|Bathurst,Blue Mountains & Central West NSW|Baulkham Hills,Sydney NSW(Hybrid)|Bega,Wollongong, Illawarra & South Coast NSW|Blacktown,Sydney NSW|Dapto,Wollongong, Illawarra & South Coast NSW|Darlinghurst,Sydney NSW|Grafton,Coffs Harbour & North Coast NSW|Liverpool,Sydney NSW(Hybrid)|Muswellbrook,Newcastle, Maitland & Hunter NSW|Narrabeen,Sydney NSW|Newcastle,Newcastle, Maitland & Hunter NSW|North Sydney,Sydney NSW|North Sydney,Sydney NSW(Hybrid)|Orange,Blue Mountains & Central West NSW|Paddington,Sydney NSW|Parkes,Dubbo & Central NSW|Prestons,Sydney NSW|Tamworth,Tamworth & North West NSW|Toukley,Gosford & Central Coast NSW|Wetherill Park,Sydney NSW|Woy Woy,Gosford & Central Coast NSW",Cleaning / Facilities|FIFO / Mines|Healthcare / Aged Care|Hospitality|Security,24,"$20,986",2026-06-22 08:23:21
Listed five days ago,NT,"Alice Springs,Alice Springs & Central Australia NT|Darwin NT|Darwin NT(Hybrid)|Gove,Katherine & Northern Australia NT|Katherine,Katherine & Northern Australia NT|Palmerston,Darwin NT|Tanami,Alice Springs & Central Australia NT|atAirpower (NT) Pty Ltd|atEcotreat Solutions NT|atHealthy Living NT|atRoyal Flying Doctor Service SA / NT",Cleaning / Facilities|FIFO / Mines|Healthcare / Aged Care|Retail|Warehouse / Distribution,20,"$43,475",2026-06-22 08:23:54
Listed five days ago,QLD,"Biggera Waters,Gold Coast QLD|Brendale,Brisbane QLD|Brisbane QLD|Burpengary East,Brisbane QLD|Cloncurry,Western QLD|Geebung,Brisbane QLD|Golden Beach,Sunshine Coast QLD|Mackay,Mackay & Coalfields QLD|Narangba,Brisbane QLD|Redbank,Brisbane QLD|Rockhampton,Rockhampton & Capricorn Coast QLD|Townsville,Northern QLD|Whitsundays,Northern QLD|atElevate Construction Group QLD",Cleaning / Facilities|Construction|Logistics / Transport|Retail|Security,20,$39,2026-06-22 08:22:53
Listed five days ago,SA,"Coonawarra,Mt Gambier & Limestone Coast SA|Moorlands,Riverland & Murray Mallee SA|Port Augusta,Whyalla & Eyre Peninsula SA",Agriculture / Farms|Hospitality,3,"$80,000",2026-06-22 08:08:31
Listed five days ago,TAS,"Burnie,Devonport & North West TAS|Glenorchy,Hobart TAS|Hobart TAS|Kingston,Hobart TAS|Launceston,Launceston & North East TAS|atSouthern Cross Care (Tasmania) Inc",Healthcare / Aged Care|Retail,7,"$16,322",2026-06-22 08:16:32
Listed five days ago,VIC,N/A,Agriculture / Farms|Cleaning / Facilities|Construction|FIFO / Mines|Healthcare / Aged Care|Warehouse / Distribution,29,"$49,323",2026-06-22 08:23:09
Listed five days ago,WA,"Bentley,Perth WA|Busselton,Bunbury & South West WA|Cannington,Perth WA|Gairdner,Albany & Great Southern WA|Henderson,Perth WA|Kalgoorlie,Kalgoorlie, Goldfields & Esperance WA|Kings Park,Perth WA|Peppermint Grove,Perth WA|Perth WA|Port Hedland,Port Hedland, Karratha & Pilbara WA|Rockingham,Perth WA|West Perth,Perth WA",Agriculture / Farms|Cleaning / Facilities|Construction|FIFO / Mines|Hospitality|Security,21,"$16,245",2026-06-22 08:24:03
Listed five hours ago,NSW,"Bowral,Southern Highlands & Tablelands NSW|Kanwal,Gosford & Central Coast NSW|Kempsey,Port Macquarie & Mid North Coast NSW|Orange,Blue Mountains & Central West NSW|Wagga Wagga,Wagga Wagga & Riverina NSW|West Wyalong,Dubbo & Central NSW",Cleaning / Facilities|FIFO / Mines|Healthcare / Aged Care,7,$31,2026-06-22 08:22:16
Listed five hours ago,NT,"Winnellie,Darwin NT",Retail,1,N/A,2026-06-22 08:14:27
Listed five hours ago,QLD,"Brisbane QLD(Hybrid)|Cairns,Cairns & Far North QLD|Chermside,Brisbane QLD|Oxenford,Gold Coast QLD|Torbanlea,Hervey Bay & Fraser Coast QLD",Cleaning / Facilities|Hospitality|Logistics / Transport|Retail,5,"$83,159",2026-06-22 08:22:53
Listed five hours ago,TAS,"Cambridge,Hobart TAS",Healthcare / Aged Care,1,"$59,668",2026-06-22 08:12:51
Listed five hours ago,VIC,N/A,Agriculture / Farms|Cleaning / Facilities|Construction|FIFO / Mines|Healthcare / Aged Care|Warehouse / Distribution,13,"$35,871",2026-06-22 08:23:09
Listed five hours ago,WA,Perth WA,Cleaning / Facilities,3,N/A,2026-06-22 08:24:03
Listed forty six minutes ago,TAS,Hobart TAS,Retail,1,N/A,2026-06-22 08:16:32
Listed forty six minutes ago,VIC,N/A,Healthcare / Aged Care,1,$45,2026-06-22 08:13:52
Listed forty two minutes ago,VIC,N/A,Healthcare / Aged Care,1,N/A,2026-06-22 08:12:46
Listed four days ago,ACT,"Canberra ACT|Deakin,Canberra ACT|Gungahlin,Canberra ACT|Mitchell,Canberra ACT",Agriculture / Farms|Construction|FIFO / Mines|Hospitality|Security|Warehouse / Distribution,9,$33,2026-06-22 08:21:06
Listed four days ago,NSW,"Balranald,Wagga Wagga & Riverina NSW|Barangaroo,Sydney NSW|Cobar,Dubbo & Central NSW|Freemantle,Blue Mountains & Central West NSW(Hybrid)|Kogarah,Sydney NSW|Lightning Ridge,Far West & North Central NSW|Lithgow,Blue Mountains & Central West NSW|Long Jetty,Gosford & Central Coast NSW|Moorebank,Sydney NSW|Orange,Blue Mountains & Central West NSW|Rouse Hill,Sydney NSW|Sydney NSW(Hybrid)|Toronto,Newcastle, Maitland & Hunter NSW|Ulong,Coffs Harbour & North Coast NSW|Wetherill Park,Sydney NSW|atNSW Health Pathology|atWorkPac - Mining NSW/SA",Cleaning / Facilities|FIFO / Mines|Healthcare / Aged Care|Hospitality|Security,21,"$11,147",2026-06-22 08:23:21
Listed four days ago,NT,"Alice Springs,Alice Springs & Central Australia NT|Darwin NT|Palmerston,Darwin NT|Tablelands,Katherine & Northern Australia NT|Wadeye,Katherine & Northern Australia NT",Cleaning / Facilities|FIFO / Mines|Healthcare / Aged Care|Warehouse / Distribution,18,"$29,610",2026-06-22 08:23:54
Listed four days ago,QLD,"Arundel,Gold Coast QLD|Brisbane Airport,Brisbane QLD|Brisbane QLD|Bundall,Gold Coast QLD|Cairns North,Cairns & Far North QLD|Cairns,Cairns & Far North QLD|Carbrook,Brisbane QLD|Gatton College,Somerset & Lockyer QLD|Loganholme,Brisbane QLD|Port Douglas,Cairns & Far North QLD|Smithfield,Cairns & Far North QLD|South Brisbane,Brisbane QLD|Virginia,Brisbane QLD|Woolloongabba,Brisbane QLD|Wooloowin,Brisbane QLD",Cleaning / Facilities|Construction|Hospitality|Logistics / Transport|Retail|Security,17,"$18,507",2026-06-22 08:22:53
Listed four days ago,SA,"Adelaide SA|Bedford Park,Adelaide SA|Blackwood,Adelaide SA|Monarto,Riverland & Murray Mallee SA|Mypolonga,Riverland & Murray Mallee SA|Osborne,Adelaide SA|Port Augusta,Whyalla & Eyre Peninsula SA",Agriculture / Farms|Healthcare / Aged Care|Hospitality|Security,9,"$18,355",2026-06-22 08:21:01
Listed four days ago,TAS,"Glen Huon,Central & South East TAS|Grassy,Devonport & North West TAS|Hobart TAS|Launceston,Launceston & North East TAS|Pontville,Hobart TAS|Rosny Park,Hobart TAS|atDocument Management Tasmania",Healthcare / Aged Care|Logistics / Transport|Retail|Warehouse / Distribution,10,$35,2026-06-22 08:16:46
Listed four days ago,VIC,N/A,Cleaning / Facilities|Construction|FIFO / Mines|Healthcare / Aged Care|Warehouse / Distribution,30,"$5,492",2026-06-22 08:23:09
Listed four days ago,WA,"Albany,Albany & Great Southern WA|Bayswater,Perth WA|Bibra Lake,Perth WA|Bunbury,Bunbury & South West WA|Cable Beach,Broome & Kimberley WA|Collie,Bunbury & South West WA|Forrestfield,Perth WA|Joondalup,Perth WA|Kalbarri,Geraldton, Gascoyne & Midwest WA|Karratha,Port Hedland, Karratha & Pilbara WA|Midland,Perth WA|Northam,Northam & Wheatbelt WA|Perth WA|Picton,Bunbury & South West WA|Subiaco,Perth WA|Wagin,Northam & Wheatbelt WA|Wanneroo,Perth WA",Agriculture / Farms|Cleaning / Facilities|Construction|FIFO / Mines|Hospitality|Security,41,"$5,545",2026-06-22 08:24:03
Listed four hours ago,NSW,"Ashfield,Sydney NSW(Hybrid)|Chullora,Sydney NSW|Gundagai,Wagga Wagga & Riverina NSW|Killarney Vale,Gosford & Central Coast NSW|Lidcombe,Sydney NSW|Manly,Sydney NSW|Newcastle,Newcastle, Maitland & Hunter NSW(Hybrid)|atNorthern NSW Local Health District",Cleaning / Facilities|Healthcare / Aged Care|Hospitality|Warehouse / Distribution,10,"$35,145",2026-06-22 08:22:16
Listed four hours ago,NT,"Alice Springs,Alice Springs & Central Australia NT|Darwin NT",FIFO / Mines|Warehouse / Distribution,2,$60,2026-06-22 08:18:30
Listed four hours ago,QLD,"Brendale,Brisbane QLD|Brisbane Airport,Brisbane QLD|Brisbane QLD|Brisbane QLD(Hybrid)|Emerald,Gladstone & Central QLD|Maroochydore,Sunshine Coast QLD",Logistics / Transport|Retail|Security,7,"$23,361",2026-06-22 08:20:16
Listed four hours ago,TAS,atAnglicare Tasmania Inc,Healthcare / Aged Care,2,$36,2026-06-22 08:12:51
Listed four hours ago,VIC,N/A,Construction|FIFO / Mines,5,$82,2026-06-22 08:02:02
Listed four hours ago,WA,"Dunsborough,Bunbury & South West WA|Maylands,Perth WA|Perth WA",Cleaning / Facilities|FIFO / Mines|Hospitality,6,$65,2026-06-22 08:24:03
Listed fourteen days ago,ACT,Canberra ACT,Construction|Security,4,"$5,348",2026-06-22 08:21:06
Listed fourteen days ago,NSW,"Blacktown,Sydney NSW|Nyngan,Dubbo & Central NSW",FIFO / Mines|Security,2,N/A,2026-06-22 08:21:23
Listed fourteen days ago,NT,Darwin NT,Retail,1,"$160,000",2026-06-22 08:14:27
Listed fourteen days ago,QLD,"Cunnamulla,Western QLD|Rockhampton,Rockhampton & Capricorn Coast QLD|Varsity Lakes,Gold Coast QLD|atLogistics North Queensland",Construction|Hospitality|Logistics / Transport|Retail,4,"$31,527",2026-06-22 08:15:20
Listed fourteen days ago,SA,"Minlaton,Yorke Peninsula & Clare Valley SA|Renmark,Riverland & Murray Mallee SA",Agriculture / Farms,4,$35,2026-06-22 08:05:19
Listed fourteen days ago,TAS,"West Devonport,Devonport & North West TAS",Logistics / Transport,1,$35,2026-06-22 08:08:05
Listed fourteen days ago,VIC,N/A,Construction|FIFO / Mines|Healthcare / Aged Care|Warehouse / Distribution,12,$525,2026-06-22 08:17:32
Listed fourteen days ago,WA,"Kalgoorlie,Kalgoorlie, Goldfields & Esperance WA|Kununurra,Broome & Kimberley WA|Perth WA|Wagerup,Mandurah & Peel WA",Agriculture / Farms|Cleaning / Facilities|FIFO / Mines|Security,5,"$56,274",2026-06-22 08:21:41
Listed nine days ago,VIC,N/A,Agriculture / Farms|Construction|FIFO / Mines|Warehouse / Distribution,5,$45,2026-06-22 08:17:32
Listed nine days ago,WA,"Perth WA|Wedgefield,Port Hedland, Karratha & Pilbara WA",Cleaning / Facilities|FIFO / Mines,4,$56,2026-06-22 08:24:03
Listed nine hours ago,NT,"Casuarina,Darwin NT|Darwin NT|Palmerston,Darwin NT",FIFO / Mines|Warehouse / Distribution,3,"$28,526",2026-06-22 08:18:30
Listed nine hours ago,QLD,"Cairns,Cairns & Far North QLD|Coomera,Gold Coast QLD|Ipswich,Brisbane QLD|Maroochydore,Sunshine Coast QLD|Windorah,Western QLD",Cleaning / Facilities|Retail,5,"$37,522",2026-06-22 08:22:53
Listed nine hours ago,SA,Adelaide SA,Healthcare / Aged Care,1,N/A,2026-06-22 08:12:10
Listed nine hours ago,TAS,"Beaconsfield,Launceston & North East TAS",Healthcare / Aged Care,1,"$59,668",2026-06-22 08:12:51
Listed nine hours ago,WA,"Perth Airport,Perth WA",Hospitality,1,$6,2026-06-22 08:10:50
Listed nineteen days ago,ACT,"Canberra ACT|Fyshwick,Canberra ACT|Mitchell,Canberra ACT",FIFO / Mines|Security|Warehouse / Distribution,4,$35,2026-06-22 08:21:06
Listed nineteen days ago,NSW,"Sydney NSW|Sydney NSW(Hybrid)|Sydney NSW(Remote)|The Rocks,Sydney NSW",Healthcare / Aged Care|Hospitality,5,$32,2026-06-22 08:12:06
Listed nineteen days ago,NT,"Darwin NT|Holtze,Darwin NT|atAsbuild NT",FIFO / Mines|Retail|Warehouse / Distribution,11,"$52,047",2026-06-22 08:18:30
Listed nineteen days ago,QLD,"Brisbane QLD|Gladstone,Gladstone & Central QLD|Ipswich,Brisbane QLD|Surfers Paradise,Gold Coast QLD",Construction|Logistics / Transport|Security,4,"$27,516",2026-06-22 08:20:16
Listed nineteen days ago,SA,"Adelaide SA(Hybrid)|Mile End,Adelaide SA|Murray Bridge,Riverland & Murray Mallee SA",Healthcare / Aged Care|Hospitality|Security,3,"$86,606",2026-06-22 08:21:02
Listed nineteen days ago,TAS,"Devonport,Devonport & North West TAS|Hobart TAS|Launceston,Launceston & North East TAS|Launceston,Launceston & North East TAS(Hybrid)|Moonah,Hobart TAS|Quoiba,Devonport & North West TAS|Western Junction,Launceston & North East TAS|atITI TAS",Healthcare / Aged Care|Logistics / Transport|Retail|Warehouse / Distribution,10,"$70,000",2026-06-22 08:16:46
Listed nineteen days ago,VIC,N/A,Cleaning / Facilities|FIFO / Mines|Healthcare / Aged Care|Warehouse / Distribution,12,"$21,465",2026-06-22 08:23:09
Listed nineteen days ago,WA,"Bunbury,Bunbury & South West WA|Byford,Mandurah & Peel WA|Esperance,Kalgoorlie, Goldfields & Esperance WA|Hillarys,Perth WA|Perth WA|Port Hedland,Karratha & Pilbara WA",Agriculture / Farms|Cleaning / Facilities|FIFO / Mines|Security,10,"$20,024",2026-06-22 08:24:03
Listed one day ago,NSW,"Dubbo,Dubbo & Central NSW|Terania Creek,Lismore & Far North Coast NSW|atDB Services (NSW) Pty Ltd",Cleaning / Facilities|FIFO / Mines|Healthcare / Aged Care,3,"$44,013",2026-06-22 08:22:16
Listed one day ago,QLD,"Brisbane QLD|Cairns,Cairns & Far North QLD(Remote)|Forrest Beach,Northern QLD|Maroochydore,Sunshine Coast QLD",Hospitality|Retail,4,$27,2026-06-22 08:14:28
Listed one day ago,SA,"Semaphore,Adelaide SA|Virginia,Adelaide SA",Hospitality,2,"$77,000",2026-06-22 08:08:31
Listed one day ago,VIC,N/A,Construction|FIFO / Mines|Healthcare / Aged Care|Warehouse / Distribution,5,$35,2026-06-22 08:17:32
Listed one day ago,WA,"Gidgegannup,Perth WA|Myrup,Kalgoorlie, Goldfields & Esperance WA|Perth WA",Cleaning / Facilities|Hospitality,5,$39,2026-06-22 08:24:03
Listed one hour ago,ACT,"Nicholls,Canberra ACT",Agriculture / Farms|Hospitality,2,$25,2026-06-22 08:11:23
Listed one hour ago,NSW,"Blacktown,Sydney NSW|Marsden Park,Sydney NSW(Hybrid)|Sydney NSW|Warners Bay,Newcastle, Maitland & Hunter NSW|atIndustrious People NSW",Cleaning / Facilities|Healthcare / Aged Care|Warehouse / Distribution,10,N/A,2026-06-22 08:23:21
Listed one hour ago,NT,"Berrimah,Darwin NT",FIFO / Mines|Warehouse / Distribution,2,$30,2026-06-22 08:18:30
Listed one hour ago,QLD,"Baringa,Sunshine Coast QLD|Brisbane QLD|Chinchilla,Toowoomba & Darling Downs QLD|South Brisbane,Brisbane QLD|Toowoomba,Toowoomba & Darling Downs QLD|Townsville,Northern QLD",Hospitality|Logistics / Transport|Security,7,"$18,817",2026-06-22 08:20:16
Listed one hour ago,SA,Adelaide SA(Remote),Hospitality,1,N/A,2026-06-22 08:08:31
Listed one hour ago,VIC,N/A,Cleaning / Facilities|Construction|FIFO / Mines|Healthcare / Aged Care,14,"$23,846",2026-06-22 08:23:09
Listed one hour ago,WA,"Broome,Broome & Kimberley WA|Cowaramup,Bunbury & South West WA|Perth WA|atKleenduct WA Pty Ltd",Cleaning / Facilities|Hospitality|Security,5,"$40,509",2026-06-22 08:24:03
Listed seven days ago,ACT,"Belconnen,Canberra ACT|Canberra ACT|Fyshwick,Canberra ACT",Agriculture / Farms|Construction|FIFO / Mines|Security|Warehouse / Distribution,11,"$33,506",2026-06-22 08:21:06
Listed seven days ago,NSW,"Annandale,Sydney NSW|Castlecrag,Sydney NSW|Gateshead,Newcastle, Maitland & Hunter NSW|Newcastle,Newcastle, Maitland & Hunter NSW|North Sydney,Sydney NSW|Port Macquarie,Port Macquarie & Mid North Coast NSW|St Leonards,Sydney NSW|Sydney NSW|Thornton,Newcastle, Maitland & Hunter NSW|Tumut,Tumut, Snowy & Monaro NSW|Waratah,Newcastle, Maitland & Hunter NSW|West Albury,Albury Area NSW",Cleaning / Facilities|Healthcare / Aged Care|Hospitality|Security,16,$32,2026-06-22 08:23:21
Listed seven days ago,NT,"Alice Springs,Alice Springs & Central Australia NT|Darwin NT|Parap,Darwin NT|Wadeye,Katherine & Northern Australia NT|Winnellie,Darwin NT",Cleaning / Facilities|FIFO / Mines|Healthcare / Aged Care|Warehouse / Distribution,9,$49,2026-06-22 08:21:59
Listed seven days ago,QLD,"Brisbane QLD|Brisbane QLD(Hybrid)|Crestmead,Brisbane QLD|Hughenden,Northern QLD|Mackay,Mackay & Coalfields QLD|Manly,Brisbane QLD|Salisbury,Brisbane QLD|Surfers Paradise,Gold Coast QLD|Townsville,Northern QLD",Cleaning / Facilities|Construction|Logistics / Transport|Retail|Security,9,"$77,547",2026-06-22 08:22:53
Listed seven days ago,SA,"Adelaide SA|Modbury,Adelaide SA|Whyalla,Whyalla & Eyre Peninsula SA",Hospitality|Security,4,$38,2026-06-22 08:21:02
Listed seven days ago,TAS,"Brighton,Hobart TAS|Hobart TAS|Kings Meadows,Launceston & North East TAS|Launceston,Launceston & North East TAS",Healthcare / Aged Care|Logistics / Transport|Warehouse / Distribution,11,$28,2026-06-22 08:16:46
Listed seven days ago,VIC,N/A,Agriculture / Farms|Construction|FIFO / Mines|Healthcare / Aged Care,18,"$6,447",2026-06-22 08:14:05
Listed seven days ago,WA,"Davenport,Bunbury & South West WA|Henderson,Perth WA|Jerramungup,Albany & Great Southern WA|Moora,Northam & Wheatbelt WA|Northampton,Geraldton, Gascoyne & Midwest WA|Perth WA|Port Hedland,Port Hedland, Karratha & Pilbara WA|Safety Bay,Perth WA",Agriculture / Farms|Cleaning / Facilities|Construction|FIFO / Mines|Hospitality|Security,11,"$63,770",2026-06-22 08:24:03
Listed seven hours ago,ACT,"Barton,Canberra ACT|Mitchell,Canberra ACT|atACT Property Inspections",Construction|Hospitality,3,$29,2026-06-22 08:11:23
Listed seven hours ago,NSW,"Cooma,Tumut, Snowy & Monaro NSW|Cudal,Blue Mountains & Central West NSW|St Leonards,Sydney NSW|Sydney NSW|Wollstonecraft,Sydney NSW",Healthcare / Aged Care|Warehouse / Distribution,5,$120,2026-06-22 08:18:36
Listed seven hours ago,NT,Darwin NT,Cleaning / Facilities|FIFO / Mines|Retail,4,"$75,000",2026-06-22 08:23:54
Listed seven hours ago,QLD,"Chandler,Brisbane QLD|Rothwell,Brisbane QLD",Cleaning / Facilities|Retail,2,$15,2026-06-22 08:22:53
Listed seven hours ago,SA,"Tarlee,Yorke Peninsula & Clare Valley SA",Agriculture / Farms,1,N/A,2026-06-22 08:05:19
Listed seven hours ago,TAS,"Devonport,Devonport & North West TAS",Retail,1,$25,2026-06-22 08:16:32
Listed seven hours ago,VIC,N/A,FIFO / Mines|Healthcare / Aged Care,3,"$95,000",2026-06-22 08:12:46
Listed seven hours ago,WA,"Wiluna,Kalgoorlie, Goldfields & Esperance WA",FIFO / Mines,1,N/A,2026-06-22 08:02:29
Listed seventeen days ago,ACT,"Belconnen,Canberra ACT|Canberra ACT|Fyshwick,Canberra ACT|Hume,Canberra ACT|Majura,Canberra ACT",Agriculture / Farms|Construction|FIFO / Mines|Security|Warehouse / Distribution,13,"$45,026",2026-06-22 08:21:19
Listed seventeen days ago,NSW,"Arndell Park,Sydney NSW|Gunnedah,Tamworth & North West NSW|Kogarah,Sydney NSW|Lithgow,Blue Mountains & Central West NSW|Newcastle,Newcastle, Maitland & Hunter NSW|Parramatta,Sydney NSW|Woolloomooloo,Sydney NSW(Hybrid)",Cleaning / Facilities|FIFO / Mines|Healthcare / Aged Care|Security|Warehouse / Distribution,8,$31,2026-06-22 08:22:16
Listed seventeen days ago,NT,"Alice Springs,Alice Springs & Central Australia NT|Darwin NT|Palmerston,Darwin NT",FIFO / Mines|Healthcare / Aged Care|Hospitality|Retail|Warehouse / Distribution,8,"$55,029",2026-06-22 08:18:30
Listed seventeen days ago,QLD,"Cloncurry,Western QLD|Lutwyche,Brisbane QLD|Mount Morgan,Rockhampton & Capricorn Coast QLD|Pinkenba,Brisbane QLD",Hospitality|Logistics / Transport,4,"$71,333",2026-06-22 08:08:39
Listed seventeen days ago,SA,"Adelaide SA|Kidman Park,Adelaide SA|Tranmere,Adelaide SA|atSA Health - Northern Adelaide Local Health Network",Healthcare / Aged Care|Security,4,"$63,194",2026-06-22 08:21:02
Listed seventeen days ago,TAS,"Hobart TAS|Kingston,Hobart TAS|Launceston,Launceston & North East TAS|New Town,Hobart TAS|atSt Vincent de Paul Society (Tasmania) Ltd",Healthcare / Aged Care|Logistics / Transport|Retail,6,$30,2026-06-22 08:16:32
Listed seventeen days ago,VIC,N/A,Agriculture / Farms|Construction|FIFO / Mines,6,$52,2026-06-22 08:04:36
Listed seventeen days ago,WA,"Kalgoorlie,Kalgoorlie, Goldfields & Esperance WA|Margaret River,Bunbury & South West WA|Perth WA|Wangara,Perth WA",Construction|FIFO / Mines|Hospitality|Security,7,"$33,367",2026-06-22 08:19:30
Listed seventeen hours ago,WA,"Midland,Perth WA",Hospitality,1,N/A,2026-06-22 08:10:50
Listed six days ago,ACT,"Canberra ACT|Fyshwick,Canberra ACT|Kingston,Canberra ACT|Mitchell,Canberra ACT|atACT Stainless Steel & Catering Equipment Pty Ltd",Agriculture / Farms|Construction|FIFO / Mines|Hospitality|Warehouse / Distribution,10,"$31,270",2026-06-22 08:17:14
Listed six days ago,NSW,"Badgerys Creek,Sydney NSW|Bella Vista,Sydney NSW|Cobar,Dubbo & Central NSW|Coffs Harbour,Coffs Harbour & North Coast NSW|Dubbo,Dubbo & Central NSW|Lidcombe,Sydney NSW|Manly,Sydney NSW|Moorebank,Sydney NSW|Newport,Sydney NSW|North Sydney,Sydney NSW|Orange,Blue Mountains & Central West NSW|Parramatta,Sydney NSW|Sydney NSW|Wollongong,Wollongong, Illawarra & South Coast NSW|atNorthern NSW Local Health District",Cleaning / Facilities|FIFO / Mines|Healthcare / Aged Care|Hospitality|Security|Warehouse / Distribution,20,"$15,790",2026-06-22 08:23:21
Listed six days ago,NT,"Berrimah,Darwin NT|Coolalinga,Darwin NT|Darwin NT|Humpty Doo,Darwin NT|Katherine & Northern Australia NT",FIFO / Mines|Healthcare / Aged Care|Retail|Warehouse / Distribution,10,"$30,031",2026-06-22 08:18:30
Listed six days ago,QLD,"Acacia Ridge,Brisbane QLD|Brisbane QLD|Broadbeach,Gold Coast QLD|Eagleby,Brisbane QLD|Hervey Bay,Hervey Bay & Fraser Coast QLD|Innisfail,Cairns & Far North QLD|Ormeau,Gold Coast QLD|Paradise Point,Gold Coast QLD|Robina,Gold Coast QLD|Springfield Central,Brisbane QLD|Toowoomba,Toowoomba & Darling Downs QLD|Townsville,Northern QLD|Virginia,Brisbane QLD|Weipa,Cairns & Far North QLD",Cleaning / Facilities|Construction|Hospitality|Logistics / Transport|Retail|Security,16,"$17,196",2026-06-22 08:22:53
Listed six days ago,SA,"Adelaide SA|Cleve,Whyalla & Eyre Peninsula SA|Dulwich,Adelaide SA|Strathalbyn,Fleurieu Peninsula & Kangaroo Island SA",Agriculture / Farms|Healthcare / Aged Care|Hospitality|Security,4,$32,2026-06-22 08:21:01
Listed six days ago,TAS,"Burnie,Devonport & North West TAS|Cambridge,Hobart TAS(Remote)|Exeter,Launceston & North East TAS|Kettering,Hobart TAS|Rocherlea,Launceston & North East TAS|atAnglicare Tasmania Inc",Healthcare / Aged Care|Logistics / Transport|Retail|Warehouse / Distribution,10,$39,2026-06-22 08:16:46
Listed six days ago,VIC,N/A,Agriculture / Farms|Cleaning / Facilities|Construction|FIFO / Mines|Healthcare / Aged Care|Warehouse / Distribution,14,"$4,672",2026-06-22 08:23:09
Listed six days ago,WA,"Bunbury,Bunbury & South West WA|Capel,Bunbury & South West WA|Dunsborough,Bunbury & South West WA|Kalgoorlie,Kalgoorlie, Goldfields & Esperance WA|Karratha,Port Hedland, Karratha & Pilbara WA|Kwinana Beach,Perth WA|Margaret River,Bunbury & South West WA|Perth WA|Perth WA(Remote)|Port Hedland,Karratha & Pilbara WA|Ravenswood,Mandurah & Peel WA|Rockingham,Perth WA|Welshpool,Perth WA",Agriculture / Farms|Cleaning / Facilities|Construction|FIFO / Mines|Hospitality|Security,20,"$14,672",2026-06-22 08:24:03
Listed six hours ago,ACT,"Canberra ACT|Fyshwick,Canberra ACT",Agriculture / Farms|Warehouse / Distribution,4,"$55,000",2026-06-22 08:17:14
Listed six hours ago,NSW,"Chatswood,Sydney NSW|Chullora,Sydney NSW|Sydney NSW|Sydney NSW(Hybrid)|West Wyalong,Dubbo & Central NSW|Wollongong,Wollongong, Illawarra & South Coast NSW|Wyong,Gosford & Central Coast NSW|atWorkPac - Mining NSW/SA",Cleaning / Facilities|FIFO / Mines|Healthcare / Aged Care|Security|Warehouse / Distribution,9,$286,2026-06-22 08:23:21
Listed six hours ago,NT,"Darwin NT|Holtze,Darwin NT|Humpty Doo,Darwin NT|Winnellie,Darwin NT",Cleaning / Facilities|FIFO / Mines|Healthcare / Aged Care|Warehouse / Distribution,5,"$40,710",2026-06-22 08:21:59
Listed six hours ago,QLD,"Brendale,Brisbane QLD|Brisbane QLD|Hervey Bay,Hervey Bay & Fraser Coast QLD|Morayfield,Brisbane QLD",Cleaning / Facilities|Retail,4,"$25,016",2026-06-22 08:22:53
Listed six hours ago,SA,"Adelaide SA|Flinders Park,Adelaide SA|Mount Gambier,Mt Gambier & Limestone Coast SA",Healthcare / Aged Care|Security,3,"$85,682",2026-06-22 08:21:02
Listed six hours ago,VIC,N/A,Construction|Healthcare / Aged Care|Warehouse / Distribution,4,"$41,001",2026-06-22 08:17:32
Listed six hours ago,WA,"Nedlands,Perth WA|Perth WA",Cleaning / Facilities|Hospitality,2,$39,2026-06-22 08:21:41
Listed sixteen days ago,ACT,Canberra ACT,Construction,1,$35,2026-06-22 07:58:23
Listed sixteen days ago,NSW,"Newcastle,Newcastle, Maitland & Hunter NSW",Security,1,$35,2026-06-22 08:21:23
Listed sixteen days ago,NT,"Tanami East,Katherine & Northern Australia NT",FIFO / Mines,2,N/A,2026-06-22 08:01:15
Listed sixteen days ago,QLD,"Rockhampton,Rockhampton & Capricorn Coast QLD",Construction,1,$45,2026-06-22 07:58:38
Listed sixteen days ago,VIC,N/A,Agriculture / Farms|Cleaning / Facilities|FIFO / Mines,3,"$65,000",2026-06-22 08:23:09
Listed sixteen days ago,WA,Perth WA,Construction,1,N/A,2026-06-22 07:59:47
Listed ten days ago,ACT,"Canberra ACT|Canberra ACT(Hybrid)|Duntroon,Canberra ACT|Symonston,Canberra ACT",Agriculture / Farms|Construction|FIFO / Mines|Hospitality|Security|Warehouse / Distribution,10,"$20,038",2026-06-22 08:21:06
Listed ten days ago,NSW,"Goonellabah,Lismore & Far North Coast NSW|Goulburn,Southern Highlands & Tablelands NSW|Lidcombe,Sydney NSW|Marrickville,Sydney NSW|Newcastle,Newcastle, Maitland & Hunter NSW|Port Macquarie,Port Macquarie & Mid North Coast NSW|Sydney NSW|Sydney NSW(Remote)",Cleaning / Facilities|FIFO / Mines|Healthcare / Aged Care|Security|Warehouse / Distribution,12,$32,2026-06-22 08:22:16
Listed ten days ago,NT,"Alice Springs,Alice Springs & Central Australia NT|Darwin NT|Kakadu,Katherine & Northern Australia NT|Katherine,Katherine & Northern Australia NT",Cleaning / Facilities|FIFO / Mines|Healthcare / Aged Care|Retail|Warehouse / Distribution,11,"$24,040",2026-06-22 08:21:59
Listed ten days ago,QLD,"Acacia Ridge,Brisbane QLD|Broadbeach Waters,Gold Coast QLD|Cairns,Cairns & Far North QLD|Emu Park,Rockhampton & Capricorn Coast QLD|North Lakes,Brisbane QLD|Surfers Paradise,Gold Coast QLD",Cleaning / Facilities|Hospitality|Logistics / Transport|Retail,6,"$65,000",2026-06-22 08:22:53
Listed ten days ago,SA,"Adelaide SA|Adelaide SA(Hybrid)|Devlins Pound,Riverland & Murray Mallee SA|Flagstaff Hill,Adelaide SA|Inglewood,Adelaide Hills & Barossa SA|Kingston Park,Adelaide SA|Monarto,Riverland & Murray Mallee SA|Prospect,Adelaide SA|Welland,Adelaide SA|atSA Health - Central Adelaide Local Health Network",Agriculture / Farms|Healthcare / Aged Care|Hospitality|Security,13,"$54,673",2026-06-22 08:21:02
Listed ten days ago,TAS,"Cambridge,Hobart TAS|Central & South East TAS|Derwent Park,Hobart TAS|Devonport,Devonport & North West TAS|Kings Meadows,Launceston & North East TAS|Launceston,Launceston & North East TAS|Western Junction,Launceston & North East TAS",Healthcare / Aged Care|Logistics / Transport|Retail|Warehouse / Distribution,12,$34,2026-06-22 08:16:46
Listed ten days ago,VIC,N/A,Cleaning / Facilities|Construction|FIFO / Mines|Healthcare / Aged Care|Warehouse / Distribution,16,"$29,695",2026-06-22 08:23:09
Listed ten days ago,WA,"Cataby,Northam & Wheatbelt WA|Dunsborough,Bunbury & South West WA|Kalgoorlie,Kalgoorlie, Goldfields & Esperance WA|Malaga,Perth WA|Perth WA|Port Hedland,Port Hedland, Karratha & Pilbara WA",Agriculture / Farms|Cleaning / Facilities|FIFO / Mines|Hospitality|Security,7,$46,2026-06-22 08:21:54
Listed ten hours ago,NSW,"Pokolbin,Newcastle, Maitland & Hunter NSW",Cleaning / Facilities,1,N/A,2026-06-22 08:22:16
Listed ten hours ago,QLD,"Kelvin Grove,Brisbane QLD|Southport,Gold Coast QLD",Cleaning / Facilities|Retail,2,$35,2026-06-22 08:22:53
Listed thirteen days ago,ACT,"Canberra ACT|Hume,Canberra ACT|Narrabundah,Canberra ACT",Construction|FIFO / Mines|Hospitality|Security,8,"$22,693",2026-06-22 08:21:06
Listed thirteen days ago,NSW,"Botany,Sydney NSW|Charlestown,Newcastle, Maitland & Hunter NSW|Penrith,Sydney NSW|Sydney NSW",Cleaning / Facilities|Healthcare / Aged Care|Hospitality,4,$26,2026-06-22 08:23:21
Listed thirteen days ago,NT,"Darwin NT|Gove,Katherine & Northern Australia NT|Lajamanu,Alice Springs & Central Australia NT",FIFO / Mines|Healthcare / Aged Care|Warehouse / Distribution,8,"$135,000",2026-06-22 08:18:30
Listed thirteen days ago,QLD,"Hervey Bay,Hervey Bay & Fraser Coast QLD|Marcoola,Sunshine Coast QLD",Construction|Security,2,N/A,2026-06-22 08:20:16
Listed thirteen days ago,SA,"Adelaide SA|Echunga,Adelaide Hills & Barossa SA|Loxton North,Riverland & Murray Mallee SA",Agriculture / Farms|Security,4,N/A,2026-06-22 08:21:02
Listed thirteen days ago,TAS,"Bridport,Launceston & North East TAS(Remote)|Burnie,Devonport & North West TAS|Devonport,Devonport & North West TAS|Exeter,Launceston & North East TAS|Launceston,Launceston & North East TAS|Sassafras,Devonport & North West TAS",Healthcare / Aged Care|Warehouse / Distribution,7,"$25,467",2026-06-22 08:16:46
Listed thirteen days ago,VIC,N/A,Agriculture / Farms|Cleaning / Facilities|Construction|FIFO / Mines|Healthcare / Aged Care,14,"$10,100",2026-06-22 08:23:09
Listed thirteen days ago,WA,"Canning Vale,Perth WA|Floreat,Perth WA|Kalgoorlie,Kalgoorlie, Goldfields & Esperance WA|Mandurah,Mandurah & Peel WA|Onslow,Port Hedland, Karratha & Pilbara WA|Perth WA",Cleaning / Facilities|Construction|FIFO / Mines|Hospitality,12,"$10,046",2026-06-22 08:24:03
Listed thirty six minutes ago,SA,Adelaide SA(Remote),Healthcare / Aged Care,1,"$105,000",2026-06-22 08:12:10
Listed three days ago,ACT,"Canberra ACT|Fyshwick,Canberra ACT|Latham,Canberra ACT|Mitchell,Canberra ACT|Palmerston,Canberra ACT|Woden,Canberra ACT|atTR Civils (ACT) Pty Ltd",Agriculture / Farms|Construction|FIFO / Mines|Hospitality|Security|Warehouse / Distribution,21,"$8,930",2026-06-22 08:21:06
Listed three days ago,NSW,"Castle Hill,Sydney NSW|Chullora,Sydney NSW|Erskineville,Sydney NSW|Griffith,Wagga Wagga & Riverina NSW|Jerrys Plains,Newcastle, Maitland & Hunter NSW|Kempsey,Port Macquarie & Mid North Coast NSW|Mudgee,Blue Mountains & Central West NSW|Newcastle,Newcastle, Maitland & Hunter NSW|Parramatta,Sydney NSW|Riverwood,Sydney NSW|St Leonards,Sydney NSW|Sydney NSW|Sydney NSW(Hybrid)|Tomago,Newcastle, Maitland & Hunter NSW|Turrella,Sydney NSW|Wagga Wagga,Wagga Wagga & Riverina NSW|atFar West NSW Local Health District|atWorkPac - Mining NSW/SA",FIFO / Mines|Healthcare / Aged Care|Hospitality|Security|Warehouse / Distribution,24,"$8,597",2026-06-22 08:21:23
Listed three days ago,NT,"Darwin NT|Johnston,Darwin NT|Katherine,Katherine & Northern Australia NT|Tennant Creek,Katherine & Northern Australia NT|Tivendale,Darwin NT",Cleaning / Facilities|FIFO / Mines|Healthcare / Aged Care|Warehouse / Distribution,13,$24,2026-06-22 08:23:54
Listed three days ago,QLD,"Beerwah,Sunshine Coast QLD|Biggera Waters,Gold Coast QLD|Brendale,Brisbane QLD|Brisbane QLD|Broadbeach,Gold Coast QLD|Deception Bay,Brisbane QLD|Eagle Farm,Brisbane QLD(Hybrid)|Gold Coast QLD|Lowood,Somerset & Lockyer QLD|Morayfield,Brisbane QLD|Pimpama,Gold Coast QLD|Rockhampton,Rockhampton & Capricorn Coast QLD|Sippy Downs,Sunshine Coast QLD|Taringa,Brisbane QLD|Toowoomba,Toowoomba & Darling Downs QLD|Townsville,Northern QLD",Cleaning / Facilities|Construction|Hospitality|Retail|Security,22,"$16,577",2026-06-22 08:22:53
Listed three days ago,SA,"Adelaide SA|Beulah Park,Adelaide SA|Campbelltown,Adelaide SA|Everard Park,Adelaide SA|Flinders Ranges,Yorke Peninsula & Clare Valley SA|Haines,Fleurieu Peninsula & Kangaroo Island SA|Stepney,Adelaide SA|Torrensville,Adelaide SA|Unley,Adelaide SA|atSA Health - Central Adelaide Local Health Network|atSA Health - Flinders and Upper North Local Health Network|atSA Health - Women’s and Children’s Health Network",Agriculture / Farms|Healthcare / Aged Care|Hospitality|Security,15,"$31,608",2026-06-22 08:21:02
Listed three days ago,TAS,"Derwent Park,Hobart TAS|Hobart TAS|Launceston,Launceston & North East TAS(Remote)|Legana,Launceston & North East TAS|Ulverstone,Devonport & North West TAS",Healthcare / Aged Care|Retail,8,N/A,2026-06-22 08:16:32
Listed three days ago,VIC,N/A|atAROHA SERVICES,Agriculture / Farms|Cleaning / Facilities|Construction|FIFO / Mines|Healthcare / Aged Care|Warehouse / Distribution,26,"$25,433",2026-06-22 08:23:09
Listed three days ago,WA,"Bibra Lake,Perth WA|Busselton,Bunbury & South West WA|Fitzroy Crossing,Broome & Kimberley WA|Kalgoorlie,Kalgoorlie, Goldfields & Esperance WA|Kununurra,Broome & Kimberley WA|Merredin,Northam & Wheatbelt WA|Nambeelup,Mandurah & Peel WA(Remote)|Oakford,Mandurah & Peel WA|Perth WA|Port Hedland,Karratha & Pilbara WA|South Perth,Perth WA|Wembley Downs,Perth WA|atApace WA",Agriculture / Farms|Cleaning / Facilities|FIFO / Mines|Hospitality|Security,25,"$25,182",2026-06-22 08:24:03
Listed three hours ago,ACT,Canberra ACT|Canberra ACT(Hybrid),Security,2,N/A,2026-06-22 08:21:06
Listed three hours ago,NSW,"Blackheath,Blue Mountains & Central West NSW|Burwood,Sydney NSW|Sydney NSW(Hybrid)|Tamworth,Tamworth & North West NSW|Westmead,Sydney NSW",Healthcare / Aged Care|Hospitality|Warehouse / Distribution,5,$40,2026-06-22 08:18:36
Listed three hours ago,NT,"Casuarina,Darwin NT|atAkron Group NT Pty Ltd",Cleaning / Facilities|Warehouse / Distribution,2,$33,2026-06-22 08:21:59
Listed three hours ago,QLD,"Beerwah,Sunshine Coast QLD|Brisbane QLD|Bundall,Gold Coast QLD|Clayfield,Brisbane QLD|Kawana Waters,Sunshine Coast QLD|Red Hill,Brisbane QLD|Rocklea,Brisbane QLD",Hospitality|Logistics / Transport|Retail,8,"$8,598",2026-06-22 08:15:20
Listed three hours ago,SA,"Adelaide SA(Hybrid)|Rose Park,Adelaide SA|Tintinara,Riverland & Murray Mallee SA|atSouthern Cross Care (SA, NT & VIC) Inc.",Agriculture / Farms|Healthcare / Aged Care|Hospitality|Security,4,"$15,900",2026-06-22 08:21:02
Listed three hours ago,TAS,Hobart TAS,Retail,1,N/A,2026-06-22 08:16:32
Listed three hours ago,VIC,N/A,Construction|FIFO / Mines|Healthcare / Aged Care,6,"$55,689",2026-06-22 08:14:05
Listed three hours ago,WA,"Arthur River,Northam & Wheatbelt WA|Casuarina,Perth WA|Karratha,Port Hedland, Karratha & Pilbara WA|Perth WA",Agriculture / Farms|FIFO / Mines|Hospitality|Security,4,"$26,708",2026-06-22 08:19:30
Listed twelve days ago,ACT,"Canberra ACT|Fyshwick,Canberra ACT|atACT Stainless Steel & Catering Equipment Pty Ltd",Agriculture / Farms|Construction|FIFO / Mines|Security|Warehouse / Distribution,10,$31,2026-06-22 08:21:06
Listed twelve days ago,NSW,"Albion Park,Wollongong, Illawarra & South Coast NSW|Coffs Harbour,Coffs Harbour & North Coast NSW|Erskine Park,Sydney NSW|North Turramurra,Sydney NSW|Nowra,Wollongong, Illawarra & South Coast NSW|Singleton,Newcastle, Maitland & Hunter NSW|Sydney NSW|Sydney NSW(Remote)|Tamworth,Tamworth & North West NSW|Wetherill Park,Sydney NSW(Hybrid)|atNSW Health Pathology",Cleaning / Facilities|FIFO / Mines|Healthcare / Aged Care|Hospitality|Security|Warehouse / Distribution,12,"$46,073",2026-06-22 08:23:21
Listed twelve days ago,NT,"Alice Springs,Alice Springs & Central Australia NT|Berrimah,Darwin NT|Darwin NT|Katherine,Katherine & Northern Australia NT|Winnellie,Darwin NT",Cleaning / Facilities|FIFO / Mines|Healthcare / Aged Care|Retail|Warehouse / Distribution,7,"$30,024",2026-06-22 08:21:59
Listed twelve days ago,QLD,"Brendale,Brisbane QLD|Brisbane QLD|Mackay,Mackay & Coalfields QLD|Mackay,Mackay & Coalfields QLD(Remote)|Mount Pleasant,Mackay & Coalfields QLD|West End,Brisbane QLD|atSt Vincent de Paul Society Queensland|atTAFE Queensland",Construction|Logistics / Transport|Retail|Security,8,"$55,098",2026-06-22 08:20:16
Listed twelve days ago,SA,"Adelaide SA|Mawson Lakes,Adelaide SA|Mount Pleasant,Adelaide Hills & Barossa SA|Port Lincoln,Whyalla & Eyre Peninsula SA|Stirling,Adelaide Hills & Barossa SA|Wingfield,Adelaide SA",Agriculture / Farms|Hospitality|Security,7,"$25,178",2026-06-22 08:21:02
Listed twelve days ago,TAS,"Cambridge,Hobart TAS|Derwent Park,Hobart TAS|Devonport,Devonport & North West TAS|Hobart TAS|Launceston,Launceston & North East TAS",Logistics / Transport|Retail|Warehouse / Distribution,11,"$30,015",2026-06-22 08:16:46
Listed twelve days ago,VIC,N/A,Construction|FIFO / Mines|Healthcare / Aged Care|Warehouse / Distribution,8,$46,2026-06-22 08:17:32
Listed twelve days ago,WA,"Bunbury,Bunbury & South West WA|Henderson,Perth WA|Kalgoorlie,Kalgoorlie, Goldfields & Esperance WA|Kambalda West,Kalgoorlie, Goldfields & Esperance WA|Karratha,Port Hedland, Karratha & Pilbara WA|Kununurra,Broome & Kimberley WA|Kwinana Town Centre,Perth WA|Midland,Perth WA|Peppermint Grove,Perth WA|Perth WA|Rockingham,Perth WA",Agriculture / Farms|Cleaning / Facilities|Construction|FIFO / Mines|Hospitality|Security,19,"$27,364",2026-06-22 08:24:03
Listed twelve hours ago,SA,atSA Health - Women’s and Children’s Health Network,Healthcare / Aged Care,2,"$95,785",2026-06-22 08:12:10
Listed twenty days ago,ACT,"Beard,Canberra ACT|Canberra ACT|Canberra International Airport,Canberra ACT|Fyshwick,Canberra ACT|Greenway,Canberra ACT|Gungahlin,Canberra ACT",Agriculture / Farms|Construction|FIFO / Mines|Hospitality|Security|Warehouse / Distribution,23,"$30,444",2026-06-22 08:21:06
Listed twenty days ago,NSW,"Lidcombe,Sydney NSW|Parramatta,Sydney NSW|Sydney NSW|West Albury,Albury Area NSW",Cleaning / Facilities|FIFO / Mines|Healthcare / Aged Care|Hospitality|Security,6,"$45,013",2026-06-22 08:23:21
Listed twenty days ago,NT,"Darwin NT|Darwin NT(Hybrid)|Katherine,Katherine & Northern Australia NT(Remote)|Woolner,Darwin NT",Cleaning / Facilities|FIFO / Mines|Healthcare / Aged Care|Retail|Warehouse / Distribution,9,$90,2026-06-22 08:23:54
Listed twenty days ago,QLD,"Archerfield,Brisbane QLD|Bundaberg,Bundaberg & Wide Bay Burnett QLD|Maroochydore,Sunshine Coast QLD|Townsville,Northern QLD",Cleaning / Facilities|Construction|Logistics / Transport|Security,4,$30,2026-06-22 08:22:53
Listed twenty days ago,SA,"Adelaide SA|Mount Gambier,Mt Gambier & Limestone Coast SA|Old Noarlunga,Adelaide SA",Hospitality|Security,4,"$100,000",2026-06-22 08:21:02
Listed twenty days ago,TAS,"Bridgewater,Hobart TAS|Devonport,Devonport & North West TAS",Logistics / Transport|Warehouse / Distribution,4,$30,2026-06-22 08:16:46
Listed twenty days ago,VIC,N/A,Cleaning / Facilities|FIFO / Mines|Healthcare / Aged Care,4,$60,2026-06-22 08:23:09
Listed twenty days ago,WA,"Karratha,Port Hedland, Karratha & Pilbara WA|Perth WA|Quairading,Northam & Wheatbelt WA",Agriculture / Farms|Cleaning / Facilities|Construction|Hospitality|Security,5,"$50,035",2026-06-22 08:21:41
Listed twenty eight days ago,ACT,Canberra ACT,Agriculture / Farms|Construction|FIFO / Mines|Security|Warehouse / Distribution,6,"$32,517",2026-06-22 08:21:06
Listed twenty eight days ago,NSW,"Macquarie Park,Sydney NSW",Healthcare / Aged Care,1,"$15,900",2026-06-22 08:13:36
Listed twenty eight days ago,NT,"Acacia Hills,Darwin NT|Darwin NT|Darwin NT(Hybrid)|Marrara,Darwin NT",FIFO / Mines|Retail,6,"$65,000",2026-06-22 08:14:27
Listed twenty eight days ago,QLD,"Bowen Hills,Brisbane QLD|Yandina,Sunshine Coast QLD",Logistics / Transport|Security,2,N/A,2026-06-22 08:20:16
Listed twenty eight days ago,SA,"Adelaide SA|Bordertown,Mt Gambier & Limestone Coast SA",Agriculture / Farms|Security,2,$100,2026-06-22 08:21:01
Listed twenty eight days ago,TAS,Hobart TAS,Retail|Warehouse / Distribution,2,N/A,2026-06-22 08:16:46
Listed twenty eight days ago,VIC,N/A,Construction|FIFO / Mines|Healthcare / Aged Care|Warehouse / Distribution,6,$66,2026-06-22 08:17:32
Listed twenty eight days ago,WA,"Baldivis,Perth WA|Carnarvon,Geraldton, Gascoyne & Midwest WA|Perth Airport,Perth WA(Remote)|Perth WA",Agriculture / Farms|Cleaning / Facilities|Construction|Security,4,"$69,186",2026-06-22 08:24:03
Listed twenty five days ago,ACT,"Canberra ACT|Canberra International Airport,Canberra ACT|Hume,Canberra ACT|Macquarie,Canberra ACT|Stromlo,Canberra ACT",Agriculture / Farms|Construction|FIFO / Mines|Hospitality|Warehouse / Distribution,10,"$30,027",2026-06-22 08:17:14
Listed twenty five days ago,NSW,"Blacktown,Sydney NSW|Kogarah,Sydney NSW",Cleaning / Facilities|Healthcare / Aged Care,2,$32,2026-06-22 08:23:21
Listed twenty five days ago,NT,Darwin NT|atShamrock Chemicals (NT) Pty Lyd,FIFO / Mines|Warehouse / Distribution,3,$65,2026-06-22 08:18:30
Listed twenty five days ago,QLD,"Carole Park,Brisbane QLD",Security,1,N/A,2026-06-22 08:20:16
Listed twenty five days ago,SA,"Adelaide SA|Regency Park,Adelaide SA",Security,2,$53,2026-06-22 08:21:02
Listed twenty five days ago,TAS,"Hobart TAS|Launceston,Launceston & North East TAS(Remote)|Mowbray,Launceston & North East TAS",Healthcare / Aged Care|Retail,4,N/A,2026-06-22 08:16:32
Listed twenty five days ago,VIC,N/A,Agriculture / Farms|Cleaning / Facilities|Construction|Warehouse / Distribution,6,$55,2026-06-22 08:23:09
Listed twenty five days ago,WA,"Henderson,Perth WA|Kwinana Beach,Perth WA|Perth WA|Wangara,Perth WA",Cleaning / Facilities|Construction|FIFO / Mines,7,$40,2026-06-22 08:24:03
Listed twenty four days ago,ACT,"Barton,Canberra ACT|Canberra ACT|Downer,Canberra ACT|Fyshwick,Canberra ACT|Holder,Canberra ACT|Lyneham,Canberra ACT",Agriculture / Farms|Construction|FIFO / Mines|Hospitality|Warehouse / Distribution,9,"$41,647",2026-06-22 08:18:05
Listed twenty four days ago,NSW,"Blacktown,Sydney NSW|Newcastle,Newcastle, Maitland & Hunter NSW|Orange,Blue Mountains & Central West NSW|Parramatta,Sydney NSW|Sydney NSW|Sydney NSW(Hybrid)",Cleaning / Facilities|FIFO / Mines|Healthcare / Aged Care|Security,6,$36,2026-06-22 08:23:21
Listed twenty four days ago,NT,"Alice Springs,Alice Springs & Central Australia NT|Darwin NT|atQUALITY CONSTRUCTIONS AND MAINTENANCE",Cleaning / Facilities|FIFO / Mines|Healthcare / Aged Care|Hospitality|Warehouse / Distribution,7,$40,2026-06-22 08:23:54
Listed twenty four days ago,SA,"Compton,Mt Gambier & Limestone Coast SA",Agriculture / Farms,1,"$70,000",2026-06-22 08:05:19
Listed twenty four days ago,TAS,"Burnie,Devonport & North West TAS|Campania,Central & South East TAS|Glenorchy,Hobart TAS|Hobart TAS|Launceston,Launceston & North East TAS",Healthcare / Aged Care|Logistics / Transport|Retail|Warehouse / Distribution,6,$32,2026-06-22 08:16:46
Listed twenty four days ago,VIC,N/A,Construction|Healthcare / Aged Care,4,$35,2026-06-22 08:14:05
Listed twenty four days ago,WA,"Hillarys,Perth WA|Peppermint Grove,Perth WA|Perth WA|atPortable Buildings WA TA. Summit Shutter",Cleaning / Facilities|Construction|Security,5,$45,2026-06-22 08:24:03
Listed twenty hours ago,QLD,"Slacks Creek,Brisbane QLD",Retail,1,$34,2026-06-22 08:14:28
Listed twenty nine days ago,NT,"Palmerston,Darwin NT",Retail,1,N/A,2026-06-22 08:14:27
Listed twenty one days ago,ACT,Canberra ACT,Agriculture / Farms|Hospitality|Warehouse / Distribution,3,"$70,000",2026-06-22 08:17:14
Listed twenty one days ago,NSW,"Broken Hill,Far West & North Central NSW|Newcastle,Newcastle, Maitland & Hunter NSW|Raymond Terrace,Newcastle, Maitland & Hunter NSW|Sydney NSW(Remote)",Cleaning / Facilities|FIFO / Mines|Security,4,$43,2026-06-22 08:23:21
Listed twenty one days ago,NT,"Darwin International Airport,Darwin NT|Darwin NT|Darwin NT(Remote)",Cleaning / Facilities|FIFO / Mines|Healthcare / Aged Care|Retail|Warehouse / Distribution,10,$895,2026-06-22 08:21:59
Listed twenty one days ago,QLD,"Burnett Heads,Bundaberg & Wide Bay Burnett QLD|Dalby,Toowoomba & Darling Downs QLD|Oxenford,Gold Coast QLD",Construction|Hospitality,3,"$21,264",2026-06-22 08:08:39
Listed twenty one days ago,SA,"Adelaide SA|Burra,Yorke Peninsula & Clare Valley SA",Agriculture / Farms|Security,3,$1,2026-06-22 08:21:02
Listed twenty one days ago,TAS,atCommunity Care TASMANIA,Healthcare / Aged Care,1,N/A,2026-06-22 08:12:51
Listed twenty one days ago,VIC,N/A,FIFO / Mines,1,N/A,2026-06-22 08:02:02
Listed twenty one days ago,WA,"Albany,Albany & Great Southern WA|Norseman,Kalgoorlie, Goldfields & Esperance WA(Remote)|Perth WA",Agriculture / Farms|Construction,3,"$43,368",2026-06-22 08:04:51
Listed twenty seven days ago,ACT,"Belconnen,Canberra ACT|Canberra ACT|Greenway,Canberra ACT|Hume,Canberra ACT",Agriculture / Farms|Construction|Hospitality|Security|Warehouse / Distribution,10,"$20,027",2026-06-22 08:21:06
Listed twenty seven days ago,NT,"Darwin NT|Darwin NT(Hybrid)|Holtze,Darwin NT|Winnellie,Darwin NT|atHealthcare Australia - Nursing NT",FIFO / Mines|Healthcare / Aged Care|Retail|Warehouse / Distribution,6,$53,2026-06-22 08:18:30
Listed twenty seven days ago,QLD,"Rockhampton,Rockhampton & Capricorn Coast QLD|Toowoomba,Toowoomba & Darling Downs QLD|atQueensland Performing Arts Centre",Cleaning / Facilities|Construction|Security,3,"$74,292",2026-06-22 08:22:53
Listed twenty seven days ago,SA,Adelaide SA,Healthcare / Aged Care,1,N/A,2026-06-22 08:12:10
Listed twenty seven days ago,TAS,Hobart TAS,Retail,1,N/A,2026-06-22 08:16:32
Listed twenty seven days ago,VIC,N/A,Agriculture / Farms|Cleaning / Facilities|FIFO / Mines|Healthcare / Aged Care,6,"$38,364",2026-06-22 08:23:09
Listed twenty seven days ago,WA,"Laverton,Kalgoorlie, Goldfields & Esperance WA|Marble Bar,Port Hedland, Karratha & Pilbara WA|South Perth,Perth WA",Cleaning / Facilities|FIFO / Mines|Hospitality,3,$857,2026-06-22 08:21:41
Listed twenty six days ago,ACT,"Ainslie,Canberra ACT|Belconnen,Canberra ACT|Canberra ACT|Canberra ACT(Hybrid)|Hume,Canberra ACT|Mitchell,Canberra ACT|Red Hill,Canberra ACT",Agriculture / Farms|Construction|Hospitality|Security|Warehouse / Distribution,11,"$31,414",2026-06-22 08:21:06
Listed twenty six days ago,NSW,"Caringbah South,Sydney NSW|Miranda,Sydney NSW",Cleaning / Facilities|Healthcare / Aged Care,2,N/A,2026-06-22 08:22:16
Listed twenty six days ago,NT,"Darwin NT|Humpty Doo,Darwin NT|Woolner,Darwin NT",Cleaning / Facilities|FIFO / Mines|Healthcare / Aged Care|Hospitality|Retail,9,$56,2026-06-22 08:21:59
Listed twenty six days ago,QLD,"Mudgeeraba,Gold Coast QLD|Narangba,Brisbane QLD|Townsville,Northern QLD",Cleaning / Facilities|Construction|Logistics / Transport,3,"$65,000",2026-06-22 08:22:53
Listed twenty six days ago,SA,"Balaklava,Yorke Peninsula & Clare Valley SA|Inkerman,Yorke Peninsula & Clare Valley SA",Agriculture / Farms,2,$29,2026-06-22 08:05:19
Listed twenty six days ago,TAS,"Devonport,Devonport & North West TAS|Hobart TAS|atLEAP Support Services Tasmania",Healthcare / Aged Care|Logistics / Transport|Warehouse / Distribution,4,$41,2026-06-22 08:16:46
Listed twenty six days ago,VIC,"N/A|Our national footprint covers rail projects throughout WA, QLD, VIC, NSW & SA.",FIFO / Mines|Warehouse / Distribution,6,$53,2026-06-22 08:17:32
Listed twenty six days ago,WA,"Kwinana Beach,Perth WA|Perth WA",Construction|FIFO / Mines,3,$53,2026-06-22 08:02:29
Listed twenty six minutes ago,SA,Adelaide SA(Remote),Healthcare / Aged Care,1,"$85,000",2026-06-22 08:12:10
Listed twenty three days ago,ACT,Canberra ACT,Hospitality,1,"$60,000",2026-06-22 08:11:23
Listed twenty three days ago,NSW,"Erina,Gosford & Central Coast NSW(Hybrid)",Security,1,$27,2026-06-22 08:21:23
Listed twenty three days ago,VIC,N/A,Cleaning / Facilities|FIFO / Mines|Warehouse / Distribution,3,"$18,376",2026-06-22 08:23:09
Listed twenty three days ago,WA,"Perth WA|Port Hedland,Port Hedland, Karratha & Pilbara WA",Construction|FIFO / Mines,3,$60,2026-06-22 08:02:29
Listed twenty three hours ago,VIC,N/A,FIFO / Mines,1,N/A,2026-06-22 08:02:02
Listed twenty three hours ago,WA,"Mullaloo,Perth WA",Hospitality,1,$26,2026-06-22 08:10:50
Listed twenty two days ago,TAS,Hobart TAS,Healthcare / Aged Care,1,$40,2026-06-22 08:11:44
Listed twenty two days ago,WA,"Landsdale,Perth WA|Northam & Wheatbelt WA|Wangara,Perth WA",Agriculture / Farms,4,"$88,785",2026-06-22 08:04:51
Listed twenty two hours ago,SA,"Holden Hill,Adelaide SA",Hospitality,1,"$80,000",2026-06-22 08:08:31
Listed two days ago,ACT,Canberra ACT,Hospitality,1,"$78,000",2026-06-22 08:11:23
Listed two days ago,NSW,"Bella Vista,Sydney NSW|Botany,Sydney NSW|Cobar,Dubbo & Central NSW|Kotara,Newcastle, Maitland & Hunter NSW|March,Blue Mountains & Central West NSW|North Epping,Sydney NSW",FIFO / Mines|Healthcare / Aged Care|Hospitality,6,$32,2026-06-22 08:13:50
Listed two days ago,NT,"Coconut Grove,Darwin NT|Northern Territory",FIFO / Mines|Warehouse / Distribution,2,N/A,2026-06-22 08:18:30
Listed two days ago,QLD,"Deception Bay,Brisbane QLD|Hervey Bay,Hervey Bay & Fraser Coast QLD|Lowood,Somerset & Lockyer QLD|Mackay,Mackay & Coalfields QLD|Maroochydore,Sunshine Coast QLD|Mermaid Beach,Gold Coast QLD|Redcliffe,Brisbane QLD|Robina,Gold Coast QLD|Sunrise Beach,Sunshine Coast QLD|Tallebudgera,Gold Coast QLD|Toowoomba,Toowoomba & Darling Downs QLD|Townsville,Northern QLD|Yeppoon,Rockhampton & Capricorn Coast QLD",Hospitality|Retail,13,"$14,524",2026-06-22 08:15:20
Listed two days ago,SA,Adelaide SA,Hospitality,1,"$68,000",2026-06-22 08:08:31
Listed two days ago,TAS,"Rocherlea,Launceston & North East TAS",Healthcare / Aged Care,1,$40,2026-06-22 08:11:44
Listed two days ago,VIC,N/A,Construction|FIFO / Mines|Healthcare / Aged Care,9,$43,2026-06-22 08:14:05
Listed two days ago,WA,"Geraldton,Geraldton, Gascoyne & Midwest WA|Kalgoorlie,Kalgoorlie, Goldfields & Esperance WA|Perth WA",Cleaning / Facilities|FIFO / Mines,3,$55,2026-06-22 08:21:54
Listed two hours ago,ACT,"Canberra ACT|Holder,Canberra ACT|Mitchell,Canberra ACT",Construction|FIFO / Mines,4,N/A,2026-06-22 08:03:15
Listed two hours ago,NSW,"Auburn,Sydney NSW|Bathurst,Blue Mountains & Central West NSW|Castle Hill,Sydney NSW|Coffs Harbour,Coffs Harbour & North Coast NSW|Condobolin,Dubbo & Central NSW|Eastgardens,Sydney NSW|Huntingwood,Sydney NSW|Liverpool,Sydney NSW|Minchinbury,Sydney NSW|Mona Vale,Sydney NSW|Neutral Bay,Sydney NSW|North Sydney,Sydney NSW(Hybrid)|Parkes,Dubbo & Central NSW|St Leonards,Sydney NSW|Wahroonga,Sydney NSW",Healthcare / Aged Care|Hospitality|Security|Warehouse / Distribution,16,"$53,351",2026-06-22 08:21:23
Listed two hours ago,QLD,"Biggera Waters,Gold Coast QLD|Crestmead,Brisbane QLD|Dimbulah,Cairns & Far North QLD|Morayfield,Brisbane QLD|Robina,Gold Coast QLD",Logistics / Transport|Retail,5,N/A,2026-06-22 08:15:20
Listed two hours ago,SA,"Adelaide SA|Normanville,Fleurieu Peninsula & Kangaroo Island SA",Hospitality|Security,2,"$60,000",2026-06-22 08:21:02
Listed two hours ago,TAS,Hobart TAS,Retail,1,N/A,2026-06-22 08:16:32
Listed two hours ago,VIC,N/A,Construction|FIFO / Mines|Healthcare / Aged Care,5,"$65,022",2026-06-22 08:14:05
Listed two hours ago,WA,"Albany,Albany & Great Southern WA|Booragoon,Perth WA|atFRESHWATER QUALITY MANAGEMENT",Construction|Hospitality,3,$50,2026-06-22 08:10:50
MEDICAL RECEPTIONIST,NSW,"Kanwal,Gosford & Central Coast NSW",Healthcare / Aged Care,1,$30,2026-06-22 08:13:50
Machine Operator,ACT,Canberra ACT,FIFO / Mines,1,N/A,2026-06-22 08:03:15
Multiple Roles - Civil Supervisor / All Rounder,NT,Darwin NT,FIFO / Mines,1,N/A,2026-06-22 08:00:35
Open Cut Mineworker,NSW,"Mudgee,Blue Mountains & Central West NSW",FIFO / Mines,1,N/A,2026-06-22 08:02:38
"Operators, Site Supervisors and Labourers",ACT,"Mitchell,Canberra ACT",Construction,1,N/A,2026-06-22 08:00:21
Part-time & Full-time Security Officer – Immediate Start,NSW,"Newcastle,Newcastle, Maitland & Hunter NSW",Security,1,$35,2026-06-22 08:21:23
Parts Interpreter – Agricultural Machinery & Equipment,SA,"Renmark,Riverland & Murray Mallee SA",Agriculture / Farms,1,$30,2026-06-22 08:05:19
Patient Support Coordinator,NSW,Sydney NSW,Healthcare / Aged Care,1,N/A,2026-06-22 08:13:36
Personnel Security Officer,SA,Adelaide SA,Security,1,N/A,2026-06-22 08:21:01
Re-locate to the NT - Occupational Therapist & Speech Pathologists,VIC,N/A,Healthcare / Aged Care,1,"$95,000",2026-06-22 08:12:46
Retail Management Position,TAS,"Ulverstone,Devonport & North West TAS",Retail,1,N/A,2026-06-22 08:16:32
Roof Plumber,WA,Perth WA,Construction,1,$50,2026-06-22 07:59:47
SECURITY GUARDS - Licensed Venues and Sites -TPGA NSW (ML 000103363),NSW,atTPGA NSW PTY LTD,Security,1,N/A,2026-06-22 08:21:23
Security Officer,WA,"Busselton,Bunbury & South West WA|Karratha,Port Hedland, Karratha & Pilbara WA",Security,2,$45,2026-06-22 08:19:30
Shade Structure Installer / Tradesman,VIC,N/A,Construction,1,$38,2026-06-22 08:00:13
Staff Specialist,NSW,Sydney NSW,Healthcare / Aged Care,1,$120,2026-06-22 08:13:36
State Manager Nursing Recruitment. Competitive Package + Super,SA,"Dulwich,Adelaide SA",Healthcare / Aged Care,1,N/A,2026-06-22 08:12:10
Storeperson / Driver,NT,Darwin NT,Warehouse / Distribution,1,N/A,2026-06-22 08:18:30
Structures Labourer,VIC,N/A,Construction,1,N/A,2026-06-22 08:00:13
Support Worker,TAS,atSouthern Cross Care (Tasmania) Inc,Healthcare / Aged Care,1,"$18,900",2026-06-22 08:12:51
Support Worker - Aged Care and Disability Services,VIC,N/A,Healthcare / Aged Care,1,$40,2026-06-22 08:14:05
Trades Assistant,TAS,"Launceston,Launceston & North East TAS",Warehouse / Distribution,1,$33,2026-06-22 08:16:46
Warehouse Manager,ACT,Canberra ACT,Agriculture / Farms|Warehouse / Distribution,2,N/A,2026-06-22 08:17:14
Warehouse Order Picking and Packing,ACT,"Beard,Canberra ACT",Agriculture / Farms|Warehouse / Distribution,3,N/A,2026-06-22 08:18:05
Warehouse Team Member - Tool Kit Depot Launceston,TAS,"Launceston,Launceston & North East TAS",Logistics / Transport,1,N/A,2026-06-22 08:08:05
Warehouse and logistics coordinator,QLD,"Brendale,Brisbane QLD",Logistics / Transport,1,$50,2026-06-22 08:07:57
atAROHA SERVICES,WA,Perth WA,Cleaning / Facilities,1,N/A,2026-06-22 08:21:41
atAirpower (NT) Pty Ltd,NT,atAirpower (NT) Pty Ltd,Retail,1,"$150,000",2026-06-22 08:14:27
atAllmach PFS,QLD,"Narangba,Brisbane QLD",Logistics / Transport,1,"$65,000",2026-06-22 08:07:57
atAslan Group,NSW,"Parramatta,Sydney NSW",Hospitality,1,"$70,000",2026-06-22 08:09:17
atAurelia Metals,NSW,"Cobar,Dubbo & Central NSW",FIFO / Mines,1,N/A,2026-06-22 08:02:38
atBig Yellow Mining,WA,Perth WA,FIFO / Mines,1,$65,2026-06-22 08:02:29
atBirch & Waite,NSW,"Marrickville,Sydney NSW",Warehouse / Distribution,1,N/A,2026-06-22 08:18:36
atCampbell Transport,VIC,N/A,Warehouse / Distribution,1,N/A,2026-06-22 08:17:32
atCavalry and Co,QLD,"Kelvin Grove,Brisbane QLD",Retail,1,$35,2026-06-22 08:14:28
atConplant Pty Ltd,VIC,N/A,FIFO / Mines,1,N/A,2026-06-22 08:02:02
atEDP Hotels,SA,"Virginia,Adelaide SA",Hospitality,1,"$79,000",2026-06-22 08:08:31
atFarming Management Services Pty Ltd,WA,"Northampton,Geraldton, Gascoyne & Midwest WA",Agriculture / Farms,1,"$135,000",2026-06-22 08:04:51
atFetch Recruitment,VIC,N/A,FIFO / Mines,2,$28,2026-06-22 08:01:24
atHealthOne Consults,NSW,Sydney NSW(Hybrid),Healthcare / Aged Care,1,"$91,250",2026-06-22 08:12:06
atHighline Plumbing,ACT,Canberra ACT,Construction,1,"$80,000",2026-06-22 07:58:23
atHolland Brothers Plumbing,ACT,Canberra ACT,Construction,1,"$110,000",2026-06-22 07:58:23
atJBS Australia Pty Limited,NSW,"Lidcombe,Sydney NSW",Warehouse / Distribution,1,N/A,2026-06-22 08:18:36
atKC Dry Cleaning,QLD,Brisbane QLD,Retail,2,$31,2026-06-22 08:15:20
atKev's Plumbing,ACT,Canberra ACT,Construction,1,$50,2026-06-22 07:58:23
atLEAP Support Services Tasmania,TAS,atLEAP Support Services Tasmania,Healthcare / Aged Care,1,N/A,2026-06-22 08:11:44
atLion Majestic Pty Ltd,NSW,"Bathurst,Blue Mountains & Central West NSW",Hospitality,1,N/A,2026-06-22 08:09:17
atLoram Pty Ltd,VIC,N/A,FIFO / Mines,1,N/A,2026-06-22 08:02:02
atMW Civil & Earthmoving,VIC,N/A,Warehouse / Distribution,1,$60,2026-06-22 08:17:32
atMr Pilgrim Cafe,SA,"Semaphore,Adelaide SA",Hospitality,1,"$75,000",2026-06-22 08:08:31
atNawrik Constructions,QLD,Brisbane QLD,Cleaning / Facilities,1,N/A,2026-06-22 08:22:53
atOxenford Sushi Pty Ltd,QLD,"Oxenford,Gold Coast QLD",Hospitality,1,$31,2026-06-22 08:08:39
atPrivate Advertiser,WA,"Peppermint Grove,Perth WA",Cleaning / Facilities,1,N/A,2026-06-22 08:21:54
atProLiquor Group,QLD,Brisbane QLD,Security,1,N/A,2026-06-22 08:20:16
atRed Arrow Australia,VIC,N/A,FIFO / Mines,1,N/A,2026-06-22 08:00:56
atRimfire Group,NT,Darwin NT,Retail,1,"$160,000",2026-06-22 08:14:27
atRoofing 2000,WA,"Booragoon,Perth WA",Construction,1,$50,2026-06-22 07:59:47
atShadbolt Group Pty Ltd,VIC,N/A,Construction,1,N/A,2026-06-22 07:58:54
atSouthern Cross Care (Tasmania) Inc,TAS,atSouthern Cross Care (Tasmania) Inc,Healthcare / Aged Care,1,"$18,900",2026-06-22 08:11:44
atStella Industrial,WA,"Kwinana Beach,Perth WA",FIFO / Mines,1,N/A,2026-06-22 08:01:10
atSunrise Health Services Aboriginal Corporation,NT,"Katherine,Katherine & Northern Australia NT",Healthcare / Aged Care,1,N/A,2026-06-22 08:11:59
atTechforce Personnel Pty.,WA,Perth WA,FIFO / Mines,2,$65,2026-06-22 08:02:29
atTool Kit Depot,TAS,"Launceston,Launceston & North East TAS",Warehouse / Distribution,1,N/A,2026-06-22 08:16:46
atTrayd Australia,WA,Perth WA,Construction,1,N/A,2026-06-22 07:59:47
atTrident Services Australia Pty Ltd,QLD,"Townsville,Northern QLD",Security,1,$500,2026-06-22 08:20:16
atTrodan Produce (WA) Pty Ltd,WA,atTrodan Produce (WA) Pty Ltd,Agriculture / Farms,1,"$100,000",2026-06-22 08:04:51
atWeld East Fabricators,VIC,N/A,Construction,1,N/A,2026-06-22 07:58:54
atZWECK,QLD,"Loganholme,Brisbane QLD",Cleaning / Facilities,1,N/A,2026-06-22 08:22:53
